family_id,family,split,n,model_type,difficulty,unique_targets,unique_numeric_normalized_prompts
F01,product_mix,train,21,LP,basic,1,20
F02,diet,train,21,LP,basic,1,20
F03,single_product_blending,train,21,LP,intermediate,1,19
F04,multi_product_blending,train,21,LP,hard,1,15
F05,balanced_transportation,validation,21,LP,basic,1,20
F06,capacitated_transportation,train,21,LP,basic,1,16
F07,transshipment,train,21,LP,intermediate,1,16
F08,minimum_cost_flow,train,21,LP,intermediate,1,18
F09,maximum_flow,train,21,LP,intermediate,1,16
F10,shortest_path,train,21,LP,basic,1,16
F11,multicommodity_flow,validation,21,LP,hard,1,16
F12,assignment,train,21,MILP,basic,1,20
F13,generalized_assignment,train,21,MILP,intermediate,1,20
F14,uncapacitated_facility_location,train,21,MILP,intermediate,1,20
F15,capacitated_facility_location,train,21,MILP,hard,1,16
F16,p_median,train,21,MILP,intermediate,1,15
F17,p_center,validation,21,MILP,hard,1,16
F18,set_cover,train,21,MILP,intermediate,1,21
F19,maximum_coverage,train,21,MILP,intermediate,1,21
F20,set_packing,train,21,MILP,intermediate,1,21
F21,set_partitioning,validation,21,MILP,intermediate,1,20
F22,binary_knapsack,train,21,MILP,basic,1,21
F23,multiple_knapsack,train,21,MILP,intermediate,1,16
F24,capital_budgeting,train,21,MILP,intermediate,1,17
F25,project_selection_precedence,train,21,MILP,intermediate,1,16
F26,project_selection_conflicts,train,21,MILP,intermediate,1,16
F27,advertising_media,validation,21,MILP,intermediate,1,16
F28,cyclic_workforce_staffing,train,21,MILP,intermediate,1,17
F29,shift_scheduling,train,21,MILP,intermediate,1,19
F30,multi_period_production_inventory,train,21,LP,intermediate,1,17
F31,capacitated_lot_sizing,validation,21,MILP,hard,1,18
F32,inventory_with_backorders,train,21,LP,intermediate,1,16
F33,fixed_charge_transportation,train,21,MILP,hard,1,16
F34,supplier_selection,train,21,MILP,intermediate,1,16
F35,machine_activation_assignment,train,21,MILP,hard,1,17
F36,cutting_stock_patterns,train,21,MILP,intermediate,1,15
F37,bin_packing,train,21,MILP,intermediate,1,16
F38,graph_coloring,validation,21,MILP,hard,1,20
F39,maximum_weight_independent_set,train,21,MILP,intermediate,1,21
F40,minimum_weight_vertex_cover,train,21,MILP,intermediate,1,21
F41,minimum_spanning_tree_flow,train,21,MILP,hard,1,21
F42,traveling_salesman_mtz,train,21,MILP,hard,1,15
F43,capacitated_vehicle_routing,validation,21,MILP,hard,1,15
F44,single_machine_weighted_tardiness,train,21,MILP,hard,1,17
F45,unrelated_parallel_machine_makespan,train,21,MILP,intermediate,1,15
F46,job_shop_scheduling,train,21,MILP,hard,1,16
F47,project_scheduling_disjunctive_resource,validation,21,MILP,hard,1,14
F48,battery_dispatch,train,21,LP,hard,1,16
F49,unit_commitment_simplified,validation,21,MILP,hard,1,16
F50,crop_planning,train,21,LP,basic,1,17
