id,family_id,total_tokens,assistant_tokens
F01_01,F01,517,198
F01_02,F01,527,198
F01_03,F01,559,198
F01_04,F01,572,198
F01_05,F01,517,198
F01_06,F01,583,198
F01_07,F01,535,198
F01_08,F01,549,198
F01_09,F01,607,198
F01_10,F01,535,198
F01_11,F01,616,198
F01_12,F01,523,198
F01_13,F01,553,198
F01_14,F01,510,198
F01_15,F01,510,198
F01_16,F01,582,198
F01_17,F01,566,198
F01_18,F01,484,198
F01_19,F01,608,198
F01_20,F01,553,198
F01_21,F01,543,198
F02_01,F02,552,210
F02_02,F02,654,210
F02_03,F02,589,210
F02_04,F02,533,210
F02_05,F02,658,210
F02_06,F02,551,210
F02_07,F02,625,210
F02_08,F02,549,210
F02_09,F02,586,210
F02_10,F02,615,210
F02_11,F02,670,210
F02_12,F02,622,210
F02_13,F02,593,210
F02_14,F02,540,210
F02_15,F02,601,210
F02_16,F02,563,210
F02_17,F02,617,210
F02_18,F02,563,210
F02_19,F02,598,210
F02_20,F02,583,210
F02_21,F02,572,210
F03_01,F03,581,242
F03_02,F03,600,242
F03_03,F03,593,242
F03_04,F03,565,242
F03_05,F03,564,242
F03_06,F03,605,242
F03_07,F03,545,242
F03_08,F03,545,242
F03_09,F03,594,242
F03_10,F03,551,242
F03_11,F03,539,242
F03_12,F03,584,242
F03_13,F03,592,242
F03_14,F03,541,242
F03_15,F03,554,242
F03_16,F03,540,242
F03_17,F03,566,242
F03_18,F03,542,242
F03_19,F03,567,242
F03_20,F03,587,242
F03_21,F03,584,242
F04_01,F04,670,303
F04_02,F04,660,303
F04_03,F04,663,303
F04_04,F04,659,303
F04_05,F04,676,303
F04_06,F04,677,303
F04_07,F04,669,303
F04_08,F04,673,303
F04_09,F04,671,303
F04_10,F04,682,303
F04_11,F04,665,303
F04_12,F04,676,303
F04_13,F04,670,303
F04_14,F04,677,303
F04_15,F04,682,303
F04_16,F04,677,303
F04_17,F04,674,303
F04_18,F04,679,303
F04_19,F04,660,303
F04_20,F04,675,303
F04_21,F04,673,303
F05_01,F05,486,189
F05_02,F05,456,189
F05_03,F05,493,189
F05_04,F05,463,189
F05_05,F05,521,189
F05_06,F05,573,189
F05_07,F05,582,189
F05_08,F05,497,189
F05_09,F05,457,189
F05_10,F05,574,189
F05_11,F05,472,189
F05_12,F05,503,189
F05_13,F05,549,189
F05_14,F05,593,189
F05_15,F05,483,189
F05_16,F05,588,189
F05_17,F05,561,189
F05_18,F05,529,189
F05_19,F05,490,189
F05_20,F05,548,189
F05_21,F05,509,189
F06_01,F06,504,194
F06_02,F06,508,194
F06_03,F06,500,194
F06_04,F06,516,194
F06_05,F06,503,194
F06_06,F06,512,194
F06_07,F06,514,194
F06_08,F06,520,194
F06_09,F06,510,194
F06_10,F06,512,194
F06_11,F06,510,194
F06_12,F06,510,194
F06_13,F06,496,194
F06_14,F06,500,194
F06_15,F06,500,194
F06_16,F06,508,194
F06_17,F06,512,194
F06_18,F06,509,194
F06_19,F06,507,194
F06_20,F06,514,194
F06_21,F06,513,194
F07_01,F07,685,371
F07_02,F07,683,371
F07_03,F07,684,371
F07_04,F07,679,371
F07_05,F07,690,371
F07_06,F07,678,371
F07_07,F07,683,371
F07_08,F07,687,371
F07_09,F07,687,371
F07_10,F07,693,371
F07_11,F07,691,371
F07_12,F07,692,371
F07_13,F07,677,371
F07_14,F07,683,371
F07_15,F07,693,371
F07_16,F07,689,371
F07_17,F07,692,371
F07_18,F07,687,371
F07_19,F07,674,371
F07_20,F07,689,371
F07_21,F07,693,371
F08_01,F08,533,237
F08_02,F08,530,237
F08_03,F08,530,237
F08_04,F08,529,237
F08_05,F08,524,237
F08_06,F08,530,237
F08_07,F08,521,237
F08_08,F08,534,237
F08_09,F08,524,237
F08_10,F08,526,237
F08_11,F08,531,237
F08_12,F08,532,237
F08_13,F08,531,237
F08_14,F08,532,237
F08_15,F08,528,237
F08_16,F08,524,237
F08_17,F08,519,237
F08_18,F08,534,237
F08_19,F08,524,237
F08_20,F08,533,237
F08_21,F08,527,237
F09_01,F09,527,285
F09_02,F09,527,285
F09_03,F09,544,285
F09_04,F09,527,285
F09_05,F09,537,285
F09_06,F09,531,285
F09_07,F09,522,285
F09_08,F09,531,285
F09_09,F09,531,285
F09_10,F09,526,285
F09_11,F09,531,285
F09_12,F09,526,285
F09_13,F09,526,285
F09_14,F09,526,285
F09_15,F09,535,285
F09_16,F09,527,285
F09_17,F09,544,285
F09_18,F09,531,285
F09_19,F09,541,285
F09_20,F09,532,285
F09_21,F09,534,285
F10_01,F10,451,205
F10_02,F10,448,205
F10_03,F10,439,205
F10_04,F10,444,205
F10_05,F10,441,205
F10_06,F10,441,205
F10_07,F10,450,205
F10_08,F10,442,205
F10_09,F10,434,205
F10_10,F10,437,205
F10_11,F10,443,205
F10_12,F10,450,205
F10_13,F10,442,205
F10_14,F10,446,205
F10_15,F10,450,205
F10_16,F10,441,205
F10_17,F10,436,205
F10_18,F10,438,205
F10_19,F10,434,205
F10_20,F10,437,205
F10_21,F10,448,205
F11_01,F11,604,256
F11_02,F11,590,256
F11_03,F11,590,256
F11_04,F11,603,256
F11_05,F11,590,256
F11_06,F11,589,256
F11_07,F11,599,256
F11_08,F11,590,256
F11_09,F11,598,256
F11_10,F11,601,256
F11_11,F11,599,256
F11_12,F11,601,256
F11_13,F11,595,256
F11_14,F11,599,256
F11_15,F11,603,256
F11_16,F11,604,256
F11_17,F11,596,256
F11_18,F11,601,256
F11_19,F11,585,256
F11_20,F11,603,256
F11_21,F11,602,256
F12_01,F12,473,175
F12_02,F12,476,175
F12_03,F12,482,175
F12_04,F12,550,175
F12_05,F12,482,175
F12_06,F12,535,175
F12_07,F12,552,175
F12_08,F12,535,175
F12_09,F12,488,175
F12_10,F12,531,175
F12_11,F12,495,175
F12_12,F12,472,175
F12_13,F12,621,175
F12_14,F12,608,175
F12_15,F12,540,175
F12_16,F12,606,175
F12_17,F12,536,175
F12_18,F12,605,175
F12_19,F12,550,175
F12_20,F12,545,175
F12_21,F12,539,175
F13_01,F13,594,210
F13_02,F13,602,210
F13_03,F13,675,210
F13_04,F13,635,210
F13_05,F13,629,210
F13_06,F13,606,210
F13_07,F13,609,210
F13_08,F13,662,210
F13_09,F13,646,210
F13_10,F13,661,210
F13_11,F13,665,210
F13_12,F13,634,210
F13_13,F13,682,210
F13_14,F13,611,210
F13_15,F13,595,210
F13_16,F13,608,210
F13_17,F13,599,210
F13_18,F13,608,210
F13_19,F13,640,210
F13_20,F13,668,210
F13_21,F13,679,210
F14_01,F14,727,226
F14_02,F14,578,226
F14_03,F14,651,226
F14_04,F14,630,226
F14_05,F14,676,226
F14_06,F14,600,226
F14_07,F14,663,226
F14_08,F14,652,226
F14_09,F14,613,226
F14_10,F14,592,226
F14_11,F14,628,226
F14_12,F14,637,226
F14_13,F14,648,226
F14_14,F14,642,226
F14_15,F14,651,226
F14_16,F14,571,226
F14_17,F14,665,226
F14_18,F14,691,226
F14_19,F14,554,226
F14_20,F14,675,226
F14_21,F14,632,226
F15_01,F15,688,241
F15_02,F15,685,241
F15_03,F15,679,241
F15_04,F15,681,241
F15_05,F15,671,241
F15_06,F15,683,241
F15_07,F15,678,241
F15_08,F15,689,241
F15_09,F15,684,241
F15_10,F15,675,241
F15_11,F15,687,241
F15_12,F15,682,241
F15_13,F15,696,241
F15_14,F15,690,241
F15_15,F15,678,241
F15_16,F15,673,241
F15_17,F15,669,241
F15_18,F15,681,241
F15_19,F15,688,241
F15_20,F15,674,241
F15_21,F15,672,241
F16_01,F16,647,246
F16_02,F16,656,246
F16_03,F16,657,246
F16_04,F16,657,246
F16_05,F16,651,246
F16_06,F16,654,246
F16_07,F16,650,246
F16_08,F16,652,246
F16_09,F16,661,246
F16_10,F16,657,246
F16_11,F16,646,246
F16_12,F16,653,246
F16_13,F16,669,246
F16_14,F16,663,246
F16_15,F16,669,246
F16_16,F16,650,246
F16_17,F16,654,246
F16_18,F16,657,246
F16_19,F16,650,246
F16_20,F16,652,246
F16_21,F16,660,246
F17_01,F17,613,243
F17_02,F17,616,243
F17_03,F17,619,243
F17_04,F17,612,243
F17_05,F17,618,243
F17_06,F17,609,243
F17_07,F17,603,243
F17_08,F17,614,243
F17_09,F17,611,243
F17_10,F17,617,243
F17_11,F17,620,243
F17_12,F17,604,243
F17_13,F17,612,243
F17_14,F17,626,243
F17_15,F17,609,243
F17_16,F17,623,243
F17_17,F17,612,243
F17_18,F17,616,243
F17_19,F17,622,243
F17_20,F17,608,243
F17_21,F17,609,243
F18_01,F18,489,167
F18_02,F18,489,167
F18_03,F18,497,167
F18_04,F18,498,167
F18_05,F18,489,167
F18_06,F18,501,167
F18_07,F18,496,167
F18_08,F18,482,167
F18_09,F18,488,167
F18_10,F18,494,167
F18_11,F18,510,167
F18_12,F18,491,167
F18_13,F18,475,167
F18_14,F18,497,167
F18_15,F18,479,167
F18_16,F18,495,167
F18_17,F18,492,167
F18_18,F18,492,167
F18_19,F18,512,167
F18_20,F18,497,167
F18_21,F18,481,167
F19_01,F19,557,216
F19_02,F19,572,216
F19_03,F19,575,216
F19_04,F19,563,216
F19_05,F19,565,216
F19_06,F19,572,216
F19_07,F19,582,216
F19_08,F19,578,216
F19_09,F19,591,216
F19_10,F19,564,216
F19_11,F19,571,216
F19_12,F19,574,216
F19_13,F19,574,216
F19_14,F19,579,216
F19_15,F19,579,216
F19_16,F19,587,216
F19_17,F19,565,216
F19_18,F19,577,216
F19_19,F19,554,216
F19_20,F19,572,216
F19_21,F19,580,216
F20_01,F20,466,162
F20_02,F20,471,162
F20_03,F20,481,162
F20_04,F20,466,162
F20_05,F20,479,162
F20_06,F20,484,162
F20_07,F20,471,162
F20_08,F20,478,162
F20_09,F20,470,162
F20_10,F20,463,162
F20_11,F20,455,162
F20_12,F20,472,162
F20_13,F20,462,162
F20_14,F20,465,162
F20_15,F20,479,162
F20_16,F20,469,162
F20_17,F20,473,162
F20_18,F20,485,162
F20_19,F20,460,162
F20_20,F20,469,162
F20_21,F20,483,162
F21_01,F21,482,160
F21_02,F21,493,160
F21_03,F21,493,160
F21_04,F21,501,160
F21_05,F21,490,160
F21_06,F21,494,160
F21_07,F21,497,160
F21_08,F21,488,160
F21_09,F21,490,160
F21_10,F21,494,160
F21_11,F21,484,160
F21_12,F21,497,160
F21_13,F21,487,160
F21_14,F21,481,160
F21_15,F21,493,160
F21_16,F21,486,160
F21_17,F21,486,160
F21_18,F21,492,160
F21_19,F21,488,160
F21_20,F21,485,160
F21_21,F21,498,160
F22_01,F22,375,125
F22_02,F22,378,125
F22_03,F22,399,125
F22_04,F22,404,125
F22_05,F22,414,125
F22_06,F22,412,125
F22_07,F22,405,125
F22_08,F22,377,125
F22_09,F22,383,125
F22_10,F22,418,125
F22_11,F22,371,125
F22_12,F22,392,125
F22_13,F22,397,125
F22_14,F22,393,125
F22_15,F22,401,125
F22_16,F22,401,125
F22_17,F22,396,125
F22_18,F22,392,125
F22_19,F22,392,125
F22_20,F22,406,125
F22_21,F22,363,125
F23_01,F23,475,193
F23_02,F23,487,193
F23_03,F23,478,193
F23_04,F23,483,193
F23_05,F23,474,193
F23_06,F23,472,193
F23_07,F23,479,193
F23_08,F23,476,193
F23_09,F23,477,193
F23_10,F23,478,193
F23_11,F23,475,193
F23_12,F23,485,193
F23_13,F23,477,193
F23_14,F23,479,193
F23_15,F23,478,193
F23_16,F23,487,193
F23_17,F23,487,193
F23_18,F23,469,193
F23_19,F23,490,193
F23_20,F23,491,193
F23_21,F23,478,193
F24_01,F24,586,171
F24_02,F24,594,171
F24_03,F24,586,171
F24_04,F24,586,171
F24_05,F24,599,171
F24_06,F24,593,171
F24_07,F24,591,171
F24_08,F24,597,171
F24_09,F24,601,171
F24_10,F24,586,171
F24_11,F24,603,171
F24_12,F24,589,171
F24_13,F24,602,171
F24_14,F24,598,171
F24_15,F24,603,171
F24_16,F24,591,171
F24_17,F24,584,171
F24_18,F24,590,171
F24_19,F24,591,171
F24_20,F24,587,171
F24_21,F24,594,171
F25_01,F25,485,181
F25_02,F25,493,181
F25_03,F25,492,181
F25_04,F25,494,181
F25_05,F25,485,181
F25_06,F25,496,181
F25_07,F25,491,181
F25_08,F25,492,181
F25_09,F25,484,181
F25_10,F25,495,181
F25_11,F25,481,181
F25_12,F25,493,181
F25_13,F25,498,181
F25_14,F25,484,181
F25_15,F25,483,181
F25_16,F25,491,181
F25_17,F25,494,181
F25_18,F25,495,181
F25_19,F25,481,181
F25_20,F25,485,181
F25_21,F25,487,181
F26_01,F26,464,166
F26_02,F26,467,166
F26_03,F26,455,166
F26_04,F26,454,166
F26_05,F26,460,166
F26_06,F26,466,166
F26_07,F26,456,166
F26_08,F26,460,166
F26_09,F26,455,166
F26_10,F26,466,166
F26_11,F26,468,166
F26_12,F26,456,166
F26_13,F26,458,166
F26_14,F26,454,166
F26_15,F26,460,166
F26_16,F26,449,166
F26_17,F26,466,166
F26_18,F26,450,166
F26_19,F26,461,166
F26_20,F26,467,166
F26_21,F26,451,166
F27_01,F27,554,239
F27_02,F27,556,239
F27_03,F27,569,239
F27_04,F27,555,239
F27_05,F27,563,239
F27_06,F27,560,239
F27_07,F27,564,239
F27_08,F27,550,239
F27_09,F27,568,239
F27_10,F27,564,239
F27_11,F27,571,239
F27_12,F27,566,239
F27_13,F27,568,239
F27_14,F27,570,239
F27_15,F27,570,239
F27_16,F27,566,239
F27_17,F27,562,239
F27_18,F27,565,239
F27_19,F27,572,239
F27_20,F27,568,239
F27_21,F27,560,239
F28_01,F28,481,189
F28_02,F28,473,189
F28_03,F28,478,189
F28_04,F28,479,189
F28_05,F28,480,189
F28_06,F28,473,189
F28_07,F28,490,189
F28_08,F28,473,189
F28_09,F28,471,189
F28_10,F28,485,189
F28_11,F28,477,189
F28_12,F28,472,189
F28_13,F28,486,189
F28_14,F28,472,189
F28_15,F28,477,189
F28_16,F28,472,189
F28_17,F28,483,189
F28_18,F28,490,189
F28_19,F28,473,189
F28_20,F28,467,189
F28_21,F28,483,189
F29_01,F29,636,184
F29_02,F29,629,184
F29_03,F29,638,184
F29_04,F29,642,184
F29_05,F29,647,184
F29_06,F29,640,184
F29_07,F29,658,184
F29_08,F29,652,184
F29_09,F29,643,184
F29_10,F29,634,184
F29_11,F29,643,184
F29_12,F29,639,184
F29_13,F29,650,184
F29_14,F29,636,184
F29_15,F29,639,184
F29_16,F29,641,184
F29_17,F29,645,184
F29_18,F29,653,184
F29_19,F29,647,184
F29_20,F29,641,184
F29_21,F29,636,184
F30_01,F30,783,298
F30_02,F30,773,298
F30_03,F30,780,298
F30_04,F30,781,298
F30_05,F30,780,298
F30_06,F30,777,298
F30_07,F30,772,298
F30_08,F30,769,298
F30_09,F30,765,298
F30_10,F30,771,298
F30_11,F30,766,298
F30_12,F30,769,298
F30_13,F30,770,298
F30_14,F30,760,298
F30_15,F30,774,298
F30_16,F30,767,298
F30_17,F30,777,298
F30_18,F30,782,298
F30_19,F30,774,298
F30_20,F30,777,298
F30_21,F30,769,298
F31_01,F31,622,229
F31_02,F31,621,229
F31_03,F31,610,229
F31_04,F31,606,229
F31_05,F31,614,229
F31_06,F31,609,229
F31_07,F31,617,229
F31_08,F31,611,229
F31_09,F31,608,229
F31_10,F31,615,229
F31_11,F31,619,229
F31_12,F31,616,229
F31_13,F31,615,229
F31_14,F31,608,229
F31_15,F31,619,229
F31_16,F31,612,229
F31_17,F31,609,229
F31_18,F31,611,229
F31_19,F31,603,229
F31_20,F31,615,229
F31_21,F31,607,229
F32_01,F32,629,251
F32_02,F32,639,251
F32_03,F32,633,251
F32_04,F32,623,251
F32_05,F32,642,251
F32_06,F32,633,251
F32_07,F32,637,251
F32_08,F32,624,251
F32_09,F32,640,251
F32_10,F32,641,251
F32_11,F32,629,251
F32_12,F32,627,251
F32_13,F32,631,251
F32_14,F32,623,251
F32_15,F32,638,251
F32_16,F32,627,251
F32_17,F32,628,251
F32_18,F32,628,251
F32_19,F32,632,251
F32_20,F32,634,251
F32_21,F32,638,251
F33_01,F33,685,307
F33_02,F33,689,307
F33_03,F33,699,307
F33_04,F33,693,307
F33_05,F33,695,307
F33_06,F33,683,307
F33_07,F33,687,307
F33_08,F33,695,307
F33_09,F33,697,307
F33_10,F33,688,307
F33_11,F33,693,307
F33_12,F33,698,307
F33_13,F33,694,307
F33_14,F33,692,307
F33_15,F33,692,307
F33_16,F33,685,307
F33_17,F33,686,307
F33_18,F33,686,307
F33_19,F33,690,307
F33_20,F33,684,307
F33_21,F33,697,307
F34_01,F34,507,188
F34_02,F34,510,188
F34_03,F34,515,188
F34_04,F34,497,188
F34_05,F34,498,188
F34_06,F34,504,188
F34_07,F34,516,188
F34_08,F34,502,188
F34_09,F34,505,188
F34_10,F34,503,188
F34_11,F34,498,188
F34_12,F34,506,188
F34_13,F34,503,188
F34_14,F34,509,188
F34_15,F34,507,188
F34_16,F34,511,188
F34_17,F34,507,188
F34_18,F34,504,188
F34_19,F34,504,188
F34_20,F34,510,188
F34_21,F34,504,188
F35_01,F35,808,265
F35_02,F35,809,265
F35_03,F35,812,265
F35_04,F35,818,265
F35_05,F35,815,265
F35_06,F35,822,265
F35_07,F35,800,265
F35_08,F35,810,265
F35_09,F35,804,265
F35_10,F35,806,265
F35_11,F35,812,265
F35_12,F35,811,265
F35_13,F35,803,265
F35_14,F35,814,265
F35_15,F35,818,265
F35_16,F35,811,265
F35_17,F35,812,265
F35_18,F35,818,265
F35_19,F35,815,265
F35_20,F35,815,265
F35_21,F35,823,265
F36_01,F36,622,166
F36_02,F36,619,166
F36_03,F36,635,166
F36_04,F36,616,166
F36_05,F36,623,166
F36_06,F36,618,166
F36_07,F36,618,166
F36_08,F36,625,166
F36_09,F36,624,166
F36_10,F36,628,166
F36_11,F36,622,166
F36_12,F36,627,166
F36_13,F36,624,166
F36_14,F36,616,166
F36_15,F36,613,166
F36_16,F36,613,166
F36_17,F36,628,166
F36_18,F36,622,166
F36_19,F36,618,166
F36_20,F36,623,166
F36_21,F36,616,166
F37_01,F37,455,197
F37_02,F37,459,197
F37_03,F37,455,197
F37_04,F37,455,197
F37_05,F37,464,197
F37_06,F37,459,197
F37_07,F37,456,197
F37_08,F37,459,197
F37_09,F37,454,197
F37_10,F37,455,197
F37_11,F37,460,197
F37_12,F37,455,197
F37_13,F37,460,197
F37_14,F37,465,197
F37_15,F37,462,197
F37_16,F37,459,197
F37_17,F37,454,197
F37_18,F37,464,197
F37_19,F37,464,197
F37_20,F37,465,197
F37_21,F37,461,197
F38_01,F38,482,237
F38_02,F38,462,237
F38_03,F38,491,237
F38_04,F38,485,237
F38_05,F38,496,237
F38_06,F38,470,237
F38_07,F38,477,237
F38_08,F38,486,237
F38_09,F38,476,237
F38_10,F38,501,237
F38_11,F38,482,237
F38_12,F38,481,237
F38_13,F38,480,237
F38_14,F38,479,237
F38_15,F38,511,237
F38_16,F38,467,237
F38_17,F38,467,237
F38_18,F38,487,237
F38_19,F38,472,237
F38_20,F38,481,237
F38_21,F38,496,237
F39_01,F39,372,125
F39_02,F39,392,125
F39_03,F39,386,125
F39_04,F39,392,125
F39_05,F39,378,125
F39_06,F39,381,125
F39_07,F39,414,125
F39_08,F39,399,125
F39_09,F39,396,125
F39_10,F39,383,125
F39_11,F39,395,125
F39_12,F39,392,125
F39_13,F39,374,125
F39_14,F39,389,125
F39_15,F39,379,125
F39_16,F39,383,125
F39_17,F39,398,125
F39_18,F39,399,125
F39_19,F39,386,125
F39_20,F39,381,125
F39_21,F39,376,125
F40_01,F40,381,120
F40_02,F40,392,120
F40_03,F40,410,120
F40_04,F40,383,120
F40_05,F40,387,120
F40_06,F40,366,120
F40_07,F40,388,120
F40_08,F40,359,120
F40_09,F40,425,120
F40_10,F40,391,120
F40_11,F40,365,120
F40_12,F40,407,120
F40_13,F40,376,120
F40_14,F40,366,120
F40_15,F40,392,120
F40_16,F40,403,120
F40_17,F40,365,120
F40_18,F40,403,120
F40_19,F40,390,120
F40_20,F40,410,120
F40_21,F40,366,120
F41_01,F41,550,308
F41_02,F41,562,308
F41_03,F41,556,308
F41_04,F41,554,308
F41_05,F41,552,308
F41_06,F41,554,308
F41_07,F41,560,308
F41_08,F41,566,308
F41_09,F41,556,308
F41_10,F41,546,308
F41_11,F41,556,308
F41_12,F41,558,308
F41_13,F41,568,308
F41_14,F41,555,308
F41_15,F41,558,308
F41_16,F41,568,308
F41_17,F41,550,308
F41_18,F41,553,308
F41_19,F41,556,308
F41_20,F41,551,308
F41_21,F41,559,308
F42_01,F42,735,327
F42_02,F42,733,327
F42_03,F42,740,327
F42_04,F42,728,327
F42_05,F42,728,327
F42_06,F42,732,327
F42_07,F42,722,327
F42_08,F42,725,327
F42_09,F42,737,327
F42_10,F42,743,327
F42_11,F42,738,327
F42_12,F42,720,327
F42_13,F42,732,327
F42_14,F42,714,327
F42_15,F42,726,327
F42_16,F42,726,327
F42_17,F42,730,327
F42_18,F42,737,327
F42_19,F42,722,327
F42_20,F42,737,327
F42_21,F42,734,327
F43_01,F43,930,377
F43_02,F43,914,377
F43_03,F43,905,377
F43_04,F43,909,377
F43_05,F43,914,377
F43_06,F43,915,377
F43_07,F43,908,377
F43_08,F43,929,377
F43_09,F43,904,377
F43_10,F43,920,377
F43_11,F43,918,377
F43_12,F43,913,377
F43_13,F43,926,377
F43_14,F43,923,377
F43_15,F43,915,377
F43_16,F43,915,377
F43_17,F43,908,377
F43_18,F43,913,377
F43_19,F43,927,377
F43_20,F43,904,377
F43_21,F43,918,377
F44_01,F44,606,304
F44_02,F44,616,304
F44_03,F44,625,304
F44_04,F44,603,304
F44_05,F44,609,304
F44_06,F44,612,304
F44_07,F44,616,304
F44_08,F44,605,304
F44_09,F44,619,304
F44_10,F44,617,304
F44_11,F44,612,304
F44_12,F44,608,304
F44_13,F44,617,304
F44_14,F44,612,304
F44_15,F44,617,304
F44_16,F44,612,304
F44_17,F44,606,304
F44_18,F44,615,304
F44_19,F44,611,304
F44_20,F44,609,304
F44_21,F44,605,304
F45_01,F45,566,181
F45_02,F45,551,181
F45_03,F45,550,181
F45_04,F45,552,181
F45_05,F45,548,181
F45_06,F45,557,181
F45_07,F45,554,181
F45_08,F45,553,181
F45_09,F45,551,181
F45_10,F45,549,181
F45_11,F45,555,181
F45_12,F45,546,181
F45_13,F45,549,181
F45_14,F45,548,181
F45_15,F45,547,181
F45_16,F45,557,181
F45_17,F45,554,181
F45_18,F45,547,181
F45_19,F45,546,181
F45_20,F45,561,181
F45_21,F45,556,181
F46_01,F46,580,317
F46_02,F46,585,317
F46_03,F46,580,317
F46_04,F46,579,317
F46_05,F46,575,317
F46_06,F46,578,317
F46_07,F46,588,317
F46_08,F46,579,317
F46_09,F46,579,317
F46_10,F46,572,317
F46_11,F46,588,317
F46_12,F46,579,317
F46_13,F46,568,317
F46_14,F46,574,317
F46_15,F46,573,317
F46_16,F46,585,317
F46_17,F46,573,317
F46_18,F46,575,317
F46_19,F46,578,317
F46_20,F46,573,317
F46_21,F46,584,317
F47_01,F47,554,294
F47_02,F47,540,294
F47_03,F47,544,294
F47_04,F47,545,294
F47_05,F47,554,294
F47_06,F47,540,294
F47_07,F47,554,294
F47_08,F47,538,294
F47_09,F47,540,294
F47_10,F47,534,294
F47_11,F47,538,294
F47_12,F47,545,294
F47_13,F47,545,294
F47_14,F47,545,294
F47_15,F47,551,294
F47_16,F47,546,294
F47_17,F47,540,294
F47_18,F47,557,294
F47_19,F47,554,294
F47_20,F47,557,294
F47_21,F47,557,294
F48_01,F48,764,364
F48_02,F48,771,364
F48_03,F48,761,364
F48_04,F48,766,364
F48_05,F48,775,364
F48_06,F48,760,364
F48_07,F48,775,364
F48_08,F48,778,364
F48_09,F48,763,364
F48_10,F48,777,364
F48_11,F48,756,364
F48_12,F48,781,364
F48_13,F48,774,364
F48_14,F48,770,364
F48_15,F48,759,364
F48_16,F48,771,364
F48_17,F48,762,364
F48_18,F48,765,364
F48_19,F48,767,364
F48_20,F48,779,364
F48_21,F48,774,364
F49_01,F49,769,387
F49_02,F49,775,387
F49_03,F49,768,387
F49_04,F49,777,387
F49_05,F49,775,387
F49_06,F49,781,387
F49_07,F49,782,387
F49_08,F49,767,387
F49_09,F49,770,387
F49_10,F49,782,387
F49_11,F49,779,387
F49_12,F49,773,387
F49_13,F49,777,387
F49_14,F49,766,387
F49_15,F49,768,387
F49_16,F49,765,387
F49_17,F49,773,387
F49_18,F49,763,387
F49_19,F49,769,387
F49_20,F49,775,387
F49_21,F49,773,387
F50_01,F50,576,202
F50_02,F50,587,202
F50_03,F50,579,202
F50_04,F50,568,202
F50_05,F50,571,202
F50_06,F50,587,202
F50_07,F50,569,202
F50_08,F50,582,202
F50_09,F50,576,202
F50_10,F50,581,202
F50_11,F50,576,202
F50_12,F50,571,202
F50_13,F50,580,202
F50_14,F50,572,202
F50_15,F50,585,202
F50_16,F50,578,202
F50_17,F50,581,202
F50_18,F50,583,202
F50_19,F50,582,202
F50_20,F50,586,202
F50_21,F50,585,202
