id,baseline,qlora,delta
opt_01,4.85,3.667,-1.1829999999999998
opt_02,1.3,0.0,-1.3
opt_03,1.95,0.0,-1.95
opt_04,0.0,0.0,0.0
opt_05,0.0,5.0,5.0
opt_06,2.6,1.45,-1.1500000000000001
opt_07,0.0,0.8,0.8
opt_08,0.0,0.0,0.0
opt_09,0.0,0.0,0.0
opt_10,0.0,1.6,1.6
opt_11,0.0,1.983,1.983
opt_12,0.0,0.0,0.0
opt_13,2.933,1.8,-1.1329999999999998
opt_14,0.0,0.3,0.3
opt_15,0.0,0.35,0.35
opt_16,0.0,0.55,0.55
opt_17,0.0,1.6,1.6
opt_18,0.0,0.45,0.45
opt_19,0.0,0.0,0.0
opt_20,0.0,0.0,0.0
opt_21,1.0,0.0,-1.0
opt_22,0.919,0.0,-0.919
opt_23,0.0,0.0,0.0
opt_24,0.0,0.0,0.0
opt_25,0.0,0.738,0.738
opt_26,0.35,1.183,0.8330000000000001
opt_27,0.0,0.95,0.95
opt_28,0.0,0.45,0.45
opt_29,1.75,0.8,-0.95
opt_30,0.0,0.4,0.4
